group,actual,predicted,p_churn,confidence,GuestID,PromoCode,Region,AllInclusive,PackageType,Age,VIP,RoomService,Dining,Retail,Spa,Entertainment,LoyaltyPoints,SurveyScore,DaysSinceEmail,BookingChannel,AgeGroup,ReferralSource,Churned,BookingYear,BookingMonth,BookingDayOfWeek,BookingIsWeekend,DaysSinceFirstBooking,RoomBuilding,RoomNumber,RoomSection,AgeKnown,RoomService_log,Dining_log,Retail_log,Spa_log,Entertainment_log,TotalSpend,TotalSpend_log,SpendCategories,PromoCode_missing,Region_missing,AllInclusive_missing
correct,1,1,0.9990174632319093,0.9990174632319093,166287,,Europe,1.0,Adventure,13.0,,0,0,0,0,0,7580,4,48,Mobile,Minor,TikTok,1,2024,10,5,1,657,C,324.0,S,1,0.0,0.0,0.0,0.0,0.0,0,0.0,0,1,0,0
correct,0,0,0.0013044698447073513,0.9986955301552927,947691,PromoA,Americas,0.0,Relaxation,18.0,0.0,64,0,3,3440,5,5056,1,349,Website,Minor,Email,0,2024,12,3,0,718,F,775.0,P,1,4.174387269895637,0.0,1.3862943611198906,8.14351740579748,1.791759469228055,3512,8.164225652265827,4,0,0,0
correct,0,0,0.0014091379738600466,0.99859086202614,804660,PromoB,Europe,0.0,Relaxation,30.0,0.0,0,1076,0,3725,9,5300,1,300,Mobile,Young,Friend,0,2024,7,1,0,548,E,203.0,P,1,0.0,6.981934677156389,0.0,8.223090551161533,2.302585092994046,4810,8.478660241699453,3,0,0,0
correct,0,0,0.0014225201060235554,0.9985774798939765,760007,PromoB,Europe,0.0,Relaxation,36.0,0.0,0,0,0,4507,5689,9335,4,216,Corporate,Middle,Email,0,2024,5,0,0,512,E,46.0,S,1,0.0,0.0,0.0,8.413608875159667,8.646465527120377,10196,9.229848838364227,2,0,0,0
correct,0,0,0.0014898335426790177,0.9985101664573209,990468,PromoB,Europe,0.0,Relaxation,16.0,0.0,0,45,2,5183,170,1910,1,335,Website,Minor,Friend,0,2024,1,2,0,381,B,22.0,P,1,0.0,3.828641396489095,1.0986122886681098,8.55333223803211,5.14166355650266,5400,8.594339400592892,4,0,0,0
correct,1,1,0.9984418379581834,0.9984418379581834,427630,,Europe,1.0,Adventure,51.0,0.0,0,0,0,0,0,7122,2,223,Corporate,Senior,YouTube,1,2024,1,5,1,391,C,230.0,S,1,0.0,0.0,0.0,0.0,0.0,0,0.0,0,1,0,0
correct,1,1,0.9983489444511178,0.9983489444511178,552514,,Europe,1.0,Adventure,15.0,0.0,0,0,0,0,0,9299,5,109,Website,Minor,Facebook,1,2023,1,5,1,13,C,251.0,S,1,0.0,0.0,0.0,0.0,0.0,0,0.0,0,1,0,0
correct,1,1,0.9982898447458952,0.9982898447458952,625664,,Europe,1.0,Adventure,24.0,0.0,0,0,0,0,0,7727,1,268,Phone,Young,TikTok,1,2024,6,5,1,517,B,183.0,S,1,0.0,0.0,0.0,0.0,0.0,0,0.0,0,1,0,0
correct,0,0,0.0017250130761983216,0.9982749869238017,523113,PromoB,Europe,0.0,Relaxation,,0.0,0,1878,0,18572,10028,3573,2,18,TravelAgent,Minor,Friend,0,2023,3,4,0,82,B,280.0,P,0,0.0,7.538494999413465,0.0,9.829464192187341,9.213236175088209,30478,10.324793200863425,3,0,0,0
correct,1,1,0.9982576203605287,0.9982576203605287,931435,,Europe,1.0,Adventure,46.0,0.0,0,0,0,0,0,8906,3,359,Website,Senior,TikTok,1,2024,12,5,1,713,C,36.0,P,1,0.0,0.0,0.0,0.0,0.0,0,0.0,0,1,0,0
correct,1,1,0.9982459559008834,0.9982459559008834,158230,,AsiaPacific,0.0,Adventure,4.0,0.0,0,0,0,0,0,3128,1,32,Phone,Minor,Billboard,1,2024,7,5,1,566,F,1387.0,P,1,0.0,0.0,0.0,0.0,0.0,0,0.0,0,1,0,0
correct,1,1,0.99811702444721,0.99811702444721,121285,,Europe,1.0,Adventure,32.0,0.0,0,0,0,0,0,2733,5,140,TravelAgent,Middle,Billboard,1,2024,12,5,1,706,B,32.0,S,1,0.0,0.0,0.0,0.0,0.0,0,0.0,0,1,0,0
correct,1,1,0.9981114972569319,0.9981114972569319,464844,,Europe,1.0,Adventure,19.0,0.0,0,0,0,0,0,9226,2,280,Website,Young,Google,1,2024,6,5,1,517,C,319.0,S,1,0.0,0.0,0.0,0.0,0.0,0,0.0,0,1,0,0
correct,1,1,0.9980761709111868,0.9980761709111868,373726,,Europe,1.0,Adventure,,0.0,0,0,0,0,0,9710,4,193,Website,,Facebook,1,2023,7,5,1,195,C,301.0,S,0,0.0,0.0,0.0,0.0,0.0,0,0.0,0,1,0,0
correct,1,1,0.9980735966420702,0.9980735966420702,588113,,Europe,0.0,Relaxation,26.0,1.0,1,5610,0,5,119,4415,1,303,Website,Young,Google,1,2024,7,5,1,552,C,319.0,S,1,0.6931471805599453,8.632484235750972,0.0,1.791759469228055,4.787491742782046,5735,8.654517382279456,4,1,0,0
correct,1,1,0.9979859084713519,0.9979859084713519,965473,,Europe,1.0,Adventure,45.0,0.0,0,0,0,0,0,1314,5,240,Corporate,Middle,Instagram,1,2024,7,5,1,566,C,272.0,S,1,0.0,0.0,0.0,0.0,0.0,0,0.0,0,1,0,0
correct,0,0,0.0020163103938249257,0.9979836896061751,421697,PromoA,Europe,0.0,Relaxation,26.0,0.0,0,137,0,0,7629,967,3,336,Mobile,Young,Friend,0,2024,9,3,0,613,B,139.0,P,1,0.0,4.927253685157205,0.0,0.0,8.939843124278502,7766,8.957639268419648,2,0,0,0
correct,0,0,0.0020878443174728954,0.9979121556825271,439678,PromoB,Americas,0.0,Wellness,43.0,0.0,6,25,0,5250,0,8525,2,47,Mobile,Middle,Friend,0,2024,2,6,1,413,G,1260.0,P,1,1.9459101490553132,3.258096538021482,0.0,8.566173813637858,0.0,5281,8.572060092857077,3,0,0,0
correct,1,1,0.9978516624577116,0.9978516624577116,835541,,Europe,1.0,Adventure,38.0,0.0,0,0,0,0,0,4594,3,123,Website,Middle,Billboard,1,2023,6,5,1,174,B,10.0,S,1,0.0,0.0,0.0,0.0,0.0,0,0.0,0,1,0,0
correct,0,0,0.002187322981560008,0.99781267701844,877290,PromoB,Europe,0.0,Relaxation,32.0,0.0,0,163,0,6953,50,6512,3,4,Phone,Middle,Friend,0,2024,8,4,0,600,C,235.0,P,1,0.0,5.099866427824199,0.0,8.847072312567807,3.9318256327243257,7166,8.877242435993919,3,0,0,0
correct,0,0,0.0021881329753799927,0.99781186702462,451275,PromoB,Europe,0.0,Adventure,37.0,0.0,0,16,325,4476,1359,9,5,284,Mobile,Middle,TripAdvisor,0,2024,8,1,0,583,E,56.0,S,1,0.0,2.833213344056216,5.786897381366708,8.406708458240965,7.215239978730097,6176,8.728587995695898,4,0,0,0
correct,1,1,0.99781167939948,0.99781167939948,894024,,Europe,1.0,Adventure,13.0,0.0,0,0,0,0,0,8753,4,185,Phone,Minor,Facebook,1,2024,8,5,1,587,C,125.0,S,1,0.0,0.0,0.0,0.0,0.0,0,0.0,0,1,0,0
correct,1,1,0.997659271003358,0.997659271003358,885852,,Europe,0.0,Relaxation,25.0,0.0,0,4313,0,175,60,6460,4,291,Mobile,Young,TikTok,1,2023,1,1,0,2,C,206.0,S,1,0.0,8.369620826949102,0.0,5.170483995038151,4.110873864173311,4548,8.422662707570003,3,1,0,0
correct,1,1,0.9976084595634513,0.9976084595634513,532885,,Europe,1.0,Adventure,18.0,0.0,0,0,0,0,0,8631,4,243,Corporate,Minor,Billboard,1,2023,8,5,1,230,C,80.0,P,1,0.0,0.0,0.0,0.0,0.0,0,0.0,0,1,0,0
correct,1,1,0.9975403283837808,0.9975403283837808,243235,,AsiaPacific,1.0,Relaxation,1.0,0.0,0,0,0,0,0,4124,1,126,Corporate,Minor,TikTok,1,2024,12,5,1,713,F,1572.0,S,1,0.0,0.0,0.0,0.0,0.0,0,0.0,0,1,0,0
correct,1,1,0.9974573497143993,0.9974573497143993,848927,,Europe,0.0,,56.0,0.0,0,5711,0,0,50,7827,5,359,Phone,Senior,Instagram,1,2024,12,5,1,713,C,276.0,S,1,0.0,8.65032450401942,0.0,0.0,3.9318256327243257,5761,8.659039915644474,2,1,0,0
correct,0,0,0.002558982865099818,0.9974410171349002,135427,PromoA,Europe,0.0,Adventure,30.0,1.0,1250,865,0,3725,5416,8219,5,54,Website,Young,Email,0,2024,7,2,0,563,B,60.0,P,1,7.1316985104669115,6.763884908562435,0.0,8.223090551161533,8.597297435657898,11256,9.328745436354804,4,0,0,0
correct,1,1,0.9974377347101403,0.9974377347101403,248710,,Europe,1.0,Adventure,19.0,0.0,0,0,0,0,0,4870,2,41,Corporate,Young,Yelp,1,2024,4,5,1,482,C,12.0,S,1,0.0,0.0,0.0,0.0,0.0,0,0.0,0,1,0,0
correct,1,1,0.9974306159839496,0.9974306159839496,270231,,Europe,1.0,Relaxation,33.0,0.0,0,0,0,0,0,6073,2,258,Mobile,Middle,TikTok,1,2024,7,5,1,573,C,126.0,S,1,0.0,0.0,0.0,0.0,0.0,0,0.0,0,1,0,0
correct,1,1,0.9974066079977281,0.9974066079977281,189229,,Europe,1.0,Adventure,43.0,,0,0,0,0,0,8033,5,262,Corporate,Middle,TikTok,1,2023,1,3,0,18,C,295.0,S,1,0.0,0.0,0.0,0.0,0.0,0,0.0,0,1,0,0
correct,1,1,0.9973914200010978,0.9973914200010978,121429,,Europe,1.0,Relaxation,62.0,0.0,0,0,0,0,0,7464,2,285,Website,Elderly,Instagram,1,2024,7,5,1,566,C,2.0,S,1,0.0,0.0,0.0,0.0,0.0,0,0.0,0,1,0,0
correct,1,1,0.9973633717248989,0.9973633717248989,802529,,Europe,1.0,Relaxation,36.0,1.0,0,0,0,0,0,3463,1,43,Corporate,Middle,TikTok,1,2024,7,6,1,574,C,110.0,S,1,0.0,0.0,0.0,0.0,0.0,0,0.0,0,1,0,0
correct,1,1,0.9973591620243545,0.9973591620243545,559714,,Europe,1.0,Adventure,,0.0,0,0,0,0,0,8414,3,274,TravelAgent,,TikTok,1,2023,7,4,0,201,D,9.0,S,0,0.0,0.0,0.0,0.0,0.0,0,0.0,0,1,0,0
correct,1,1,0.9972927269992903,0.9972927269992903,780213,,Europe,1.0,Adventure,39.0,0.0,0,0,0,0,0,8805,5,179,Phone,Middle,TV,1,2024,1,5,1,391,C,133.0,S,1,0.0,0.0,0.0,0.0,0.0,0,0.0,0,1,0,0
correct,0,0,0.0027103033047070767,0.9972896966952929,924400,PromoB,Europe,0.0,Adventure,39.0,0.0,0,60,0,310,4674,9289,3,205,Mobile,Middle,Friend,0,2024,12,2,0,717,B,229.0,P,1,0.0,4.110873864173311,0.0,5.739792912179234,8.449984441722787,5044,8.52615293278771,3,0,0,0
correct,1,1,0.9972836966843475,0.9972836966843475,131460,,Europe,0.0,Adventure,28.0,0.0,0,11026,0,0,12,4444,1,199,Mobile,Young,TripAdvisor,1,2024,12,5,1,706,C,66.0,S,1,0.0,9.308102089758679,0.0,0.0,2.5649493574615367,11038,9.309189736018352,2,1,0,0
correct,0,0,0.00274843916759238,0.9972515608324076,154471,PromoA,Europe,0.0,Relaxation,33.0,0.0,0,86,796,584,10912,8963,2,31,Corporate,Middle,Friend,0,2024,12,1,0,716,C,6.0,P,1,0.0,4.465908118654584,6.680854678790215,6.371611847231857,9.29771001811309,12378,9.42375676753181,4,0,0,0
correct,1,1,0.9972499714760936,0.9972499714760936,975835,,Europe,1.0,Relaxation,39.0,0.0,0,0,0,0,0,9231,2,58,Corporate,Middle,TikTok,1,2024,3,5,1,440,B,334.0,S,1,0.0,0.0,0.0,0.0,0.0,0,0.0,0,1,0,0
correct,1,1,0.9972336698524651,0.9972336698524651,101213,,Europe,1.0,Relaxation,32.0,,0,0,0,0,0,440,1,242,TravelAgent,Middle,TikTok,1,2024,6,5,1,538,B,208.0,S,1,0.0,0.0,0.0,0.0,0.0,0,0.0,0,1,0,0
correct,0,0,0.0027990301332078047,0.9972009698667922,311350,PromoB,Europe,0.0,Relaxation,28.0,0.0,0,422,0,1851,5166,8380,4,342,TravelAgent,Young,Friend,0,2023,6,2,0,171,E,18.0,S,1,0.0,6.0473721790462776,0.0,7.524021415206125,8.550047528287184,7439,8.914626127827137,3,0,0,0
correct,1,1,0.9971947837965869,0.9971947837965869,803669,,Europe,1.0,Relaxation,43.0,0.0,0,0,0,0,0,3910,3,345,Website,Middle,Instagram,1,2024,7,5,1,566,C,148.0,S,1,0.0,0.0,0.0,0.0,0.0,0,0.0,0,1,0,0
correct,0,0,0.0028449602665299423,0.9971550397334701,523749,PromoA,Europe,0.0,Wellness,45.0,1.0,2204,49,0,4864,3902,880,1,97,TravelAgent,Middle,Google,0,2024,6,0,0,519,,,,1,7.6984827878809465,3.912023005428146,0.0,8.489821994620105,8.269500767180615,11019,9.307467082706905,4,0,0,0
correct,1,1,0.9971153800458353,0.9971153800458353,555299,,Europe,1.0,Adventure,25.0,0.0,0,0,0,0,0,4058,5,66,Website,Young,Google,1,2024,4,5,1,482,C,198.0,S,1,0.0,0.0,0.0,0.0,0.0,0,0.0,0,1,0,0
correct,1,1,0.9971080782885638,0.9971080782885638,500763,,Europe,1.0,Relaxation,14.0,0.0,0,0,0,0,0,7239,1,32,Mobile,Minor,Twitter,1,2023,6,5,1,174,C,157.0,P,1,0.0,0.0,0.0,0.0,0.0,0,0.0,0,1,0,0
correct,1,1,0.9970772535579951,0.9970772535579951,927245,,Europe,1.0,Adventure,27.0,0.0,0,0,0,0,0,4006,4,330,Phone,Young,Facebook,1,2023,1,5,1,13,C,220.0,S,1,0.0,0.0,0.0,0.0,0.0,0,0.0,0,1,0,0
correct,1,1,0.9970358977103687,0.9970358977103687,201466,,AsiaPacific,1.0,Relaxation,11.0,0.0,0,0,0,0,0,1661,2,333,Mobile,Minor,Google,1,2024,12,5,1,706,F,963.0,S,1,0.0,0.0,0.0,0.0,0.0,0,0.0,0,1,0,0
correct,0,0,0.0031040419834361347,0.9968959580165638,231852,PromoA,Europe,0.0,Adventure,38.0,,0,172,0,5907,34,4790,2,292,Mobile,Middle,Email,0,2023,2,1,0,51,E,51.0,P,1,0.0,5.153291594497779,0.0,8.68406264365127,3.5553480614894135,6113,8.71833650245078,3,0,0,0
correct,1,1,0.9968809576691952,0.9968809576691952,682160,,Europe,1.0,Relaxation,30.0,0.0,0,0,0,0,0,7800,5,178,TravelAgent,Young,Google,1,2024,3,5,1,447,C,260.0,S,1,0.0,0.0,0.0,0.0,0.0,0,0.0,0,1,0,0
correct,1,1,0.9968650985709078,0.9968650985709078,225537,,Europe,1.0,Adventure,65.0,0.0,0,0,0,0,0,4702,3,1,Mobile,Elderly,LinkedIn,1,2024,7,5,1,573,B,186.0,S,1,0.0,0.0,0.0,0.0,0.0,0,0.0,0,1,0,0
correct,1,1,0.9967946299358925,0.9967946299358925,707371,,Europe,0.0,Adventure,27.0,0.0,0,12077,0,75,0,4472,3,129,Phone,Young,TikTok,1,2024,12,5,1,713,C,82.0,P,1,0.0,9.399140894867847,0.0,4.330733340286331,0.0,12152,9.4053313318708,2,1,0,0
correct,1,1,0.9967904404614487,0.9967904404614487,202999,,Europe,1.0,Adventure,18.0,0.0,0,0,0,0,0,3734,5,44,Mobile,Minor,Facebook,1,2024,7,5,1,559,B,96.0,S,1,0.0,0.0,0.0,0.0,0.0,0,0.0,0,1,0,0
correct,0,0,0.003220731131866892,0.9967792688681331,355841,PromoB,Europe,0.0,Relaxation,34.0,0.0,98,715,29,5732,1902,9171,4,197,Website,Middle,Email,0,2024,8,4,0,593,B,23.0,P,1,4.59511985013459,6.573680166960646,3.4011973816621555,8.653994232908383,7.551186867296149,8476,9.045111892608405,5,0,0,0
correct,1,1,0.9967450280544853,0.9967450280544853,576296,,AsiaPacific,1.0,Relaxation,19.0,0.0,0,0,0,0,0,8156,1,85,TravelAgent,Young,Google,1,2024,8,5,1,587,F,952.0,S,1,0.0,0.0,0.0,0.0,0.0,0,0.0,0,1,0,0
correct,1,1,0.9967236772263186,0.9967236772263186,598268,,Europe,1.0,Adventure,59.0,0.0,0,0,0,0,0,5723,5,135,Phone,Senior,YouTube,1,2024,7,6,1,574,C,200.0,S,1,0.0,0.0,0.0,0.0,0.0,0,0.0,0,1,0,0
correct,1,1,0.9966838322502178,0.9966838322502178,337665,,Europe,0.0,Adventure,49.0,0.0,0,7762,2,0,98,672,5,207,TravelAgent,Senior,Google,1,2024,8,5,1,587,C,190.0,S,1,0.0,8.95712413640568,1.0986122886681098,0.0,4.59511985013459,7862,8.969923491991516,3,1,0,0
correct,1,1,0.9966827283014769,0.9966827283014769,146369,,Europe,1.0,Relaxation,30.0,0.0,0,0,0,0,0,8636,1,329,Mobile,Young,Facebook,1,2023,6,5,1,174,C,92.0,S,1,0.0,0.0,0.0,0.0,0.0,0,0.0,0,1,0,0
correct,0,0,0.00334438039543966,0.9966556196045604,871672,PromoB,Europe,0.0,Relaxation,32.0,0.0,0,410,6,3929,764,2451,2,266,Mobile,Middle,Yelp,0,2024,2,3,0,410,,,,1,0.0,6.018593214496234,1.9459101490553132,8.276394704863307,6.639875833826536,5109,8.53895468319775,4,0,0,0
correct,0,0,0.003347953827604696,0.9966520461723953,840824,PromoA,Europe,0.0,Relaxation,31.0,0.0,2398,745,0,6688,2161,7620,1,61,Corporate,Middle,Facebook,0,2024,11,2,0,675,C,264.0,P,1,7.782807262839695,6.61472560020376,0.0,8.808219665118408,7.6787889981991535,11992,9.392078425231722,4,0,0,0
correct,1,1,0.9966346344135046,0.9966346344135046,793274,,Europe,1.0,Wellness,29.0,0.0,0,0,0,0,0,6777,5,292,Phone,Young,TikTok,1,2024,3,5,1,433,B,103.0,S,1,0.0,0.0,0.0,0.0,0.0,0,0.0,0,1,0,0
correct,1,1,0.9965958939947,0.9965958939947,493371,,Europe,1.0,Relaxation,26.0,,0,0,0,0,0,9870,4,129,TravelAgent,Young,Google,1,2024,12,5,1,720,C,67.0,S,1,0.0,0.0,0.0,0.0,0.0,0,0.0,0,1,0,0
correct,1,1,0.9965670517762641,0.9965670517762641,905074,,Europe,1.0,Adventure,42.0,0.0,0,0,0,0,0,7991,4,48,Phone,Middle,YouTube,1,2023,3,5,1,83,,,,1,0.0,0.0,0.0,0.0,0.0,0,0.0,0,1,0,0
correct,0,0,0.0034604506352998547,0.9965395493647001,893868,PromoA,Europe,0.0,Adventure,38.0,0.0,0,1348,0,1308,4085,9918,1,182,Mobile,Middle,Friend,0,2024,12,0,0,708,E,417.0,P,1,0.0,7.207118856207756,0.0,7.1770187659099,8.315321775377567,6741,8.816111895794005,3,0,0,0
correct,1,1,0.9964771419041706,0.9964771419041706,551507,,Europe,1.0,Adventure,51.0,,0,0,0,0,0,746,2,15,Website,Senior,TikTok,1,2024,12,5,1,720,B,50.0,P,1,0.0,0.0,0.0,0.0,0.0,0,0.0,0,1,0,0
correct,1,1,0.9964417067609103,0.9964417067609103,321077,,Europe,1.0,Adventure,27.0,0.0,0,0,0,0,0,7561,1,145,Corporate,Young,YouTube,1,2024,1,5,1,370,B,192.0,P,1,0.0,0.0,0.0,0.0,0.0,0,0.0,0,1,0,0
correct,0,0,0.003603552036701566,0.9963964479632984,630562,PromoB,Americas,0.0,Adventure,27.0,0.0,0,0,0,2725,73,6629,2,76,Phone,Young,Friend,0,2024,6,4,0,537,F,1163.0,S,1,0.0,0.0,0.0,7.9105906122564775,4.30406509320417,2798,7.937017489515454,2,0,0,0
correct,1,1,0.996380475276189,0.996380475276189,808013,,Europe,1.0,Adventure,26.0,0.0,0,0,0,0,0,1856,1,70,Website,Young,Twitter,1,2023,8,6,1,231,C,95.0,S,1,0.0,0.0,0.0,0.0,0.0,0,0.0,0,1,0,0
correct,0,0,0.003647299993854048,0.996352700006146,643358,PromoA,Europe,0.0,Relaxation,28.0,0.0,0,1310,0,221,6064,9302,1,296,TravelAgent,Young,Friend,0,2024,1,1,0,373,E,130.0,S,1,0.0,7.1785454837637,0.0,5.402677381872279,8.71028982137815,7595,8.935377071932177,3,0,0,0
correct,0,0,0.00368647944384496,0.9963135205561551,679701,PromoB,Europe,0.0,Adventure,42.0,0.0,0,1180,0,2677,283,1115,5,156,Website,Middle,Friend,0,2024,11,3,0,683,B,65.0,P,1,0.0,7.074116816197362,0.0,7.8928255262511176,5.648974238161206,4140,8.328692583545568,3,0,0,0
correct,1,1,0.9962886160945789,0.9962886160945789,279438,,AsiaPacific,1.0,Relaxation,24.0,0.0,0,0,0,0,0,6885,3,65,Website,Young,Twitter,1,2024,12,5,1,713,F,1531.0,S,1,0.0,0.0,0.0,0.0,0.0,0,0.0,0,1,0,0
correct,1,1,0.9962882028059238,0.9962882028059238,317500,,Europe,0.0,Relaxation,29.0,0.0,0,5157,1,136,32,5586,1,12,TravelAgent,Young,TikTok,1,2024,7,5,1,566,A,99.0,S,1,0.0,8.54830418644129,0.6931471805599453,4.919980925828125,3.4965075614664802,5326,8.580543506917,4,1,0,0
correct,0,0,0.003724846930687118,0.9962751530693129,569307,PromoA,Americas,0.0,Relaxation,19.0,0.0,886,0,0,1587,12,6167,1,173,Mobile,Young,Email,0,2024,12,0,0,708,F,1675.0,S,1,6.787844982309579,0.0,0.0,7.370230641807081,2.5649493574615367,2485,7.818430272070656,3,0,0,0
correct,1,1,0.9962640469592058,0.9962640469592058,735204,,Europe,1.0,Adventure,47.0,0.0,0,0,0,0,0,5814,2,194,Phone,Senior,TV,1,2024,8,5,1,587,B,149.0,S,1,0.0,0.0,0.0,0.0,0.0,0,0.0,0,1,0,0
correct,1,1,0.9962606724439684,0.9962606724439684,403679,,Europe,1.0,Adventure,32.0,0.0,0,0,0,0,0,8130,2,239,Mobile,Middle,TikTok,1,2024,7,1,0,562,B,315.0,S,1,0.0,0.0,0.0,0.0,0.0,0,0.0,0,1,0,0
correct,1,1,0.9962382543387117,0.9962382543387117,946892,,Europe,1.0,Adventure,57.0,0.0,0,0,0,0,0,4126,5,203,Mobile,Senior,Google,1,2024,1,5,1,391,B,262.0,S,1,0.0,0.0,0.0,0.0,0.0,0,0.0,0,1,0,0
correct,1,1,0.9962174571368508,0.9962174571368508,328569,,Europe,1.0,Relaxation,28.0,0.0,0,0,0,0,0,2884,5,346,Corporate,Young,Facebook,1,2023,6,5,1,174,C,187.0,S,1,0.0,0.0,0.0,0.0,0.0,0,0.0,0,1,0,0
correct,1,1,0.9962014367656236,0.9962014367656236,552062,,Europe,1.0,Adventure,14.0,0.0,0,0,0,0,0,7651,3,212,Website,Minor,Yelp,1,2024,7,5,1,573,B,121.0,S,1,0.0,0.0,0.0,0.0,0.0,0,0.0,0,1,0,0
correct,0,0,0.0038121006015553777,0.9961878993984447,544685,PromoA,Europe,0.0,Adventure,20.0,0.0,11,596,0,3583,266,5179,4,155,TravelAgent,Young,Email,0,2024,10,1,0,653,E,211.0,S,1,2.4849066497880004,6.391917113392602,0.0,8.18423477409482,5.58724865840025,4456,8.402231172946555,4,0,0,0
correct,1,1,0.9961819922927866,0.9961819922927866,629447,,Europe,1.0,Adventure,24.0,0.0,0,0,0,0,0,7483,1,296,Website,Young,Google,1,2024,6,5,1,517,,,,1,0.0,0.0,0.0,0.0,0.0,0,0.0,0,1,0,0
correct,1,1,0.996162977256307,0.996162977256307,258837,,Europe,1.0,Adventure,27.0,0.0,0,0,0,0,0,1983,2,187,Corporate,Young,YouTube,1,2024,12,5,1,713,C,79.0,P,1,0.0,0.0,0.0,0.0,0.0,0,0.0,0,1,0,0
correct,1,1,0.9961605468737925,0.9961605468737925,550133,,AsiaPacific,1.0,Relaxation,28.0,0.0,0,0,0,0,0,8689,4,81,Phone,Young,TikTok,1,2024,2,5,1,405,F,1615.0,P,1,0.0,0.0,0.0,0.0,0.0,0,0.0,0,1,0,0
correct,1,1,0.9961324137185508,0.9961324137185508,396902,PromoB,Europe,1.0,Adventure,41.0,0.0,0,0,0,0,0,2845,1,24,TravelAgent,Middle,Twitter,1,2024,8,5,1,601,C,293.0,S,1,0.0,0.0,0.0,0.0,0.0,0,0.0,0,0,0,0
correct,0,0,0.0038763733286699296,0.99612362667133,766798,PromoB,Europe,0.0,Adventure,58.0,0.0,0,226,0,5481,1427,9080,3,132,Phone,Senior,Friend,0,2024,8,1,0,604,C,302.0,S,1,0.0,5.424950017481403,0.0,8.60922527686273,7.2640301428995295,7134,8.872767529910936,3,0,0,0
correct,0,0,0.0038766075351082683,0.9961233924648917,478992,PromoA,Europe,0.0,Adventure,46.0,0.0,202,484,0,3208,2485,407,1,270,TravelAgent,Senior,Friend,0,2024,7,3,0,571,C,56.0,S,1,5.313205979041787,6.184148890937483,0.0,8.073714641109857,7.818430272070656,6379,8.760923376338836,4,0,0,0
correct,1,1,0.9960927685132861,0.9960927685132861,667643,,Europe,0.0,Adventure,25.0,0.0,0,4949,0,452,15,6452,5,77,Mobile,Young,TikTok,1,2023,7,5,1,202,A,7.0,S,1,0.0,8.507142855562735,0.0,6.115892125483034,2.772588722239781,5416,8.597297435657898,3,1,0,0
correct,1,1,0.996073404180409,0.996073404180409,982853,,AsiaPacific,1.0,,33.0,0.0,0,0,0,0,0,1529,2,232,Corporate,Middle,Facebook,1,2024,8,5,1,587,F,1019.0,S,1,0.0,0.0,0.0,0.0,0.0,0,0.0,0,1,0,0
correct,1,1,0.9960696705023165,0.9960696705023165,519249,,Europe,1.0,Relaxation,,0.0,0,0,0,0,0,514,2,218,TravelAgent,Senior,Yelp,1,2024,8,5,1,580,C,102.0,S,0,0.0,0.0,0.0,0.0,0.0,0,0.0,0,1,0,0
correct,1,1,0.9960128545852854,0.9960128545852854,334423,,Europe,1.0,Adventure,44.0,0.0,0,0,0,0,0,5932,4,171,Phone,Middle,Twitter,1,2023,4,5,1,104,B,166.0,P,1,0.0,0.0,0.0,0.0,0.0,0,0.0,0,1,0,0
correct,1,1,0.9960115527023878,0.9960115527023878,121381,,AsiaPacific,1.0,Wellness,,0.0,0,0,0,0,0,9126,1,243,TravelAgent,,TikTok,1,2023,2,4,0,54,F,1002.0,S,0,0.0,0.0,0.0,0.0,0.0,0,0.0,0,1,0,0
correct,1,1,0.996008417336461,0.996008417336461,921488,,AsiaPacific,1.0,Relaxation,1.0,0.0,0,0,0,0,0,8420,1,293,Website,Minor,Magazine,1,2023,10,5,1,293,F,1237.0,S,1,0.0,0.0,0.0,0.0,0.0,0,0.0,0,1,0,0
correct,0,0,0.004002602702535168,0.9959973972974648,161814,PromoB,Americas,0.0,Adventure,20.0,0.0,1232,0,0,4926,1,6734,4,239,Phone,Young,Radio,0,2023,2,1,0,58,G,336.0,S,1,7.117205503164344,0.0,0.0,8.502485562543963,0.6931471805599453,6159,8.725832056527565,3,0,0,0
correct,0,0,0.004025216023618106,0.995974783976382,755051,PromoA,Europe,0.0,Relaxation,48.0,0.0,0,1082,0,2851,1478,5804,3,271,Phone,Senior,Yelp,0,2024,2,3,0,410,C,178.0,P,1,0.0,6.9874902470009905,0.0,7.955775781534187,7.2991214627108,5411,8.59637398929068,3,0,0,0
correct,0,0,0.004079269228025807,0.9959207307719742,881564,PromoB,Europe,0.0,Adventure,26.0,0.0,1370,741,13,0,4724,9832,1,121,Corporate,Young,Email,0,2023,12,0,0,337,C,68.0,P,1,7.223295679562314,6.60934924316738,2.6390573296152584,0.0,8.460622839927844,6848,8.831857935197906,4,0,0,0
correct,0,0,0.004162381477978024,0.995837618522022,645207,PromoB,Americas,0.0,Adventure,21.0,0.0,0,496,0,3867,1091,6792,2,284,Website,Young,Podcast,0,2023,3,2,0,59,G,906.0,P,1,0.0,6.208590026096629,0.0,8.260492856573185,6.9957661563048505,5454,8.604287898267172,3,0,0,0
correct,1,1,0.9958311014721828,0.9958311014721828,995981,,Europe,1.0,Relaxation,16.0,0.0,0,0,0,0,0,110,1,345,Corporate,Minor,YouTube,1,2024,8,5,1,601,B,202.0,S,1,0.0,0.0,0.0,0.0,0.0,0,0.0,0,1,0,0
correct,1,1,0.9958132460671659,0.9958132460671659,491621,,Europe,1.0,Adventure,19.0,0.0,0,0,0,0,0,4254,2,117,TravelAgent,Young,TikTok,1,2024,12,1,0,702,C,59.0,P,1,0.0,0.0,0.0,0.0,0.0,0,0.0,0,1,0,0
correct,1,1,0.9957768844707572,0.9957768844707572,920764,,Europe,1.0,Adventure,23.0,,0,0,0,0,0,4592,4,346,Corporate,Young,TV,1,2024,2,5,1,412,C,239.0,P,1,0.0,0.0,0.0,0.0,0.0,0,0.0,0,1,0,0
correct,0,0,0.004227716977582683,0.9957722830224173,238518,PromoB,Europe,0.0,Relaxation,32.0,0.0,0,390,60,5015,211,6097,3,176,Mobile,Middle,Friend,0,2024,10,6,1,665,C,214.0,P,1,0.0,5.968707559985366,4.110873864173311,8.520388082312756,5.356586274672012,5676,8.644178203170727,4,0,0,0
correct,1,1,0.9957304556556549,0.9957304556556549,959024,,AsiaPacific,1.0,Relaxation,19.0,0.0,0,0,0,0,0,2366,3,310,Corporate,Young,TikTok,1,2024,1,0,0,372,F,882.0,S,1,0.0,0.0,0.0,0.0,0.0,0,0.0,0,1,0,0
correct,0,0,0.0042730550906521746,0.9957269449093479,650227,PromoA,,0.0,Relaxation,57.0,0.0,906,22,0,8293,391,8995,3,48,TravelAgent,Senior,Friend,0,2023,9,5,1,265,C,228.0,P,1,6.810142450115136,3.1354942159291497,0.0,9.023287640806327,5.971261839790462,9612,9.170871628065816,4,0,1,0
correct,0,0,0.004292615067108083,0.9957073849328919,645506,PromoA,Europe,,Adventure,31.0,1.0,8243,280,0,3220,2285,798,3,300,TravelAgent,Middle,Google,0,2023,6,0,0,176,C,281.0,P,1,9.01724094201035,5.638354669333745,0.0,8.0774471493312,7.734558844354756,14028,9.548881894718772,4,0,0,1
incorrect,0,1,0.988734909493924,0.988734909493924,691754,PromoB,Europe,1.0,Relaxation,2.0,0.0,0,0,0,0,0,6699,4,249,Website,Minor,Instagram,0,2024,9,5,1,622,A,54.0,S,1,0.0,0.0,0.0,0.0,0.0,0,0.0,0,0,0,0
incorrect,0,1,0.9868173400421398,0.9868173400421398,350637,,Europe,1.0,Adventure,25.0,0.0,0,0,0,0,0,770,3,305,Corporate,Young,Facebook,0,2023,3,1,0,79,A,47.0,S,1,0.0,0.0,0.0,0.0,0.0,0,0.0,0,1,0,0
incorrect,1,0,0.016200418518638553,0.9837995814813615,303315,PromoA,Americas,0.0,Relaxation,18.0,0.0,0,1,0,618,21,6079,2,96,TravelAgent,Minor,Friend,1,2023,12,0,0,344,E,593.0,S,1,0.0,0.6931471805599453,0.0,6.428105272684596,3.091042453358316,640,6.46302945692067,3,0,0,0
incorrect,1,0,0.021295550158613175,0.9787044498413868,383434,PromoA,AsiaPacific,0.0,Wellness,38.0,0.0,1208,0,13,38,0,691,4,52,Website,Middle,Friend,1,2023,2,4,0,40,D,187.0,P,1,7.097548850614793,0.0,2.6390573296152584,3.6635616461296463,0.0,1259,7.138866999945524,3,0,0,0
incorrect,1,0,0.021352726608460135,0.9786472733915399,748080,PromoB,AsiaPacific,0.0,Relaxation,50.0,0.0,1584,0,36,104,0,3537,2,274,Phone,Senior,TripAdvisor,1,2023,12,4,0,348,D,270.0,P,1,7.368339686311381,0.0,3.6109179126442243,4.653960350157523,0.0,1724,7.45298232946546,3,0,0,0
incorrect,0,1,0.9786452645931714,0.9786452645931714,988656,,Europe,1.0,Relaxation,,0.0,0,0,0,0,0,5820,3,86,TravelAgent,,Facebook,0,2024,4,1,0,457,A,23.0,S,0,0.0,0.0,0.0,0.0,0.0,0,0.0,0,1,0,0
incorrect,1,0,0.0233588974730221,0.9766411025269779,958468,,Americas,0.0,Relaxation,48.0,0.0,383,0,0,393,10,932,1,25,Mobile,Senior,Email,1,2024,12,2,0,717,F,904.0,P,1,5.950642552587727,0.0,0.0,5.976350909297934,2.3978952727983707,786,6.668228248417403,3,1,0,0
incorrect,1,0,0.02375746238043547,0.9762425376195645,432306,PromoA,Americas,0.0,Wellness,21.0,0.0,505,0,0,0,110,4064,5,304,Corporate,Young,Email,1,2024,1,4,0,369,F,1548.0,S,1,6.226536669287466,0.0,0.0,0.0,4.709530201312334,615,6.423246963533519,2,0,0,0
incorrect,1,0,0.02497887862593211,0.9750211213740679,489394,,AsiaPacific,0.0,Relaxation,24.0,0.0,2997,0,3,0,7,19,3,142,Mobile,Young,TV,1,2024,12,4,0,705,E,70.0,P,1,8.005700678662542,0.0,1.3862943611198906,0.0,2.0794415416798357,3007,8.00903068506973,3,1,0,0
incorrect,1,0,0.028989019736350968,0.9710109802636491,691407,PromoA,Europe,0.0,Relaxation,36.0,1.0,0,1138,715,2868,971,9892,4,279,Website,Middle,TV,1,2024,1,6,1,378,C,342.0,S,1,0.0,7.037905963447182,6.573680166960646,7.9617188159813645,6.879355804460439,5692,8.646992628951082,4,0,0,0
incorrect,1,0,0.0304176911966864,0.9695823088033136,196165,PromoB,AsiaPacific,0.0,Relaxation,21.0,0.0,2627,806,597,0,0,5004,3,305,Mobile,Young,Podcast,1,2023,1,0,0,8,E,256.0,S,1,7.873978379604501,6.693323668269949,6.393590753950631,0.0,0.0,4030,8.301769763117166,3,0,0,0
incorrect,0,1,0.9690577196424205,0.9690577196424205,879970,,Europe,1.0,Adventure,,0.0,0,0,0,0,0,1475,5,167,Mobile,,Facebook,0,2024,1,4,0,376,A,22.0,P,0,0.0,0.0,0.0,0.0,0.0,0,0.0,0,1,0,0
incorrect,1,0,0.0331300653872354,0.9668699346127646,375104,PromoB,Americas,0.0,Wellness,30.0,0.0,585,13,122,40,105,581,5,261,Phone,Young,Friend,1,2024,12,0,0,701,E,78.0,P,1,6.373319789577012,2.6390573296152584,4.812184355372417,3.713572066704308,4.663439094112067,865,6.763884908562435,5,0,0,0
incorrect,1,0,0.03360154624291881,0.9663984537570812,641651,PromoB,Europe,0.0,Adventure,28.0,0.0,0,31,0,1283,871,8456,2,323,Mobile,Young,TripAdvisor,1,2024,4,3,0,473,A,52.0,S,1,0.0,3.4657359027997265,0.0,7.157735484249907,6.77078942390898,2185,7.689828668736484,3,0,0,0
incorrect,1,0,0.03649006902823575,0.9635099309717643,217895,PromoB,AsiaPacific,0.0,Adventure,18.0,0.0,3992,673,1360,2,0,7504,1,231,Phone,Minor,Email,1,2024,8,4,0,600,D,50.0,P,1,8.292298107063221,6.513230110912307,7.215975002651466,1.0986122886681098,0.0,6027,8.704170559746386,4,0,0,0
incorrect,1,0,0.037547362475797014,0.962452637524203,712092,PromoB,AsiaPacific,0.0,Relaxation,55.0,0.0,403,0,922,0,0,8555,2,33,Corporate,Senior,Friend,1,2024,12,1,0,709,F,525.0,P,1,6.0014148779611505,0.0,6.827629234502852,0.0,0.0,1325,7.189922170745808,2,0,0,0
incorrect,1,0,0.03901144363129116,0.9609885563687088,884399,,Americas,0.0,Relaxation,31.0,0.0,3,0,0,747,43,5823,2,120,Corporate,Middle,Friend,1,2024,1,3,0,368,F,1363.0,P,1,1.3862943611198906,0.0,0.0,6.617402977974478,3.784189633918261,793,6.677083461247136,3,1,0,0
incorrect,0,1,0.9595748237258412,0.9595748237258412,194435,,AsiaPacific,1.0,Relaxation,,0.0,0,0,0,0,0,2734,4,63,TravelAgent,Middle,Friend,0,2023,5,5,1,132,F,725.0,P,0,0.0,0.0,0.0,0.0,0.0,0,0.0,0,1,0,0
incorrect,1,0,0.041150516714037744,0.9588494832859622,869810,PromoB,Americas,0.0,Relaxation,18.0,0.0,8,1,4,419,304,9692,4,83,Mobile,Minor,Podcast,1,2023,5,2,0,136,F,1026.0,P,1,2.1972245773362196,0.6931471805599453,1.6094379124341003,6.040254711277414,5.720311776607412,736,6.602587892189336,5,0,0,0
incorrect,1,0,0.042983350895053424,0.9570166491049465,246542,PromoB,Americas,0.0,,,0.0,0,1333,3,398,254,1171,5,143,Phone,Young,Email,1,2024,10,4,0,656,F,361.0,P,0,0.0,7.195937226475569,1.3862943611198906,5.988961416889864,5.541263545158426,1988,7.5953872788539725,4,0,0,0
incorrect,1,0,0.04357631955324693,0.9564236804467531,659919,PromoA,Americas,0.0,Relaxation,41.0,0.0,699,183,0,2,31,7098,2,297,Phone,Middle,Friend,1,2024,6,2,0,535,F,1253.0,S,1,6.551080335043404,5.214935757608986,0.0,1.0986122886681098,3.4657359027997265,915,6.82001636467413,4,0,0,0
incorrect,1,0,0.045730782272347524,0.9542692177276525,363521,PromoB,Americas,0.0,Relaxation,58.0,0.0,395,400,0,690,490,2416,5,246,Phone,Senior,Facebook,1,2024,2,0,0,407,E,142.0,P,1,5.981414211254481,5.993961427306569,0.0,6.53813982376767,6.19644412779452,1975,7.588829878307813,4,0,0,0
incorrect,1,0,0.047432739810286964,0.952567260189713,749165,PromoA,Americas,0.0,Relaxation,47.0,0.0,12,7,0,720,0,5773,5,152,Phone,Senior,Google,1,2024,7,0,0,561,F,298.0,S,1,2.5649493574615367,2.0794415416798357,0.0,6.580639137284949,0.0,739,6.606650186198215,3,0,0,0
incorrect,0,1,0.951415117617671,0.951415117617671,101734,,Americas,1.0,Relaxation,53.0,0.0,0,0,0,0,0,1188,1,222,Website,Senior,YouTube,0,2023,12,5,1,342,G,570.0,S,1,0.0,0.0,0.0,0.0,0.0,0,0.0,0,1,0,0
incorrect,1,0,0.04863849063507017,0.9513615093649298,649752,PromoB,Europe,0.0,,27.0,0.0,0,636,0,1866,676,9859,1,209,Mobile,Young,Google,1,2024,12,0,0,715,C,274.0,P,1,0.0,6.456769655572163,0.0,7.532088143541722,6.517671272912275,3178,8.064321960910803,3,0,0,0
incorrect,1,0,0.0491714570250722,0.9508285429749278,400933,PromoA,AsiaPacific,0.0,Relaxation,20.0,0.0,915,12,25,205,311,664,4,56,Phone,Young,Yelp,1,2024,1,3,0,375,F,623.0,S,1,6.82001636467413,2.5649493574615367,3.258096538021482,5.327876168789581,5.7430031878094825,1468,7.292337176173877,5,0,0,0
incorrect,0,1,0.950667290420637,0.950667290420637,780311,,Americas,1.0,Adventure,,0.0,0,0,0,0,0,7781,2,173,Website,,Friend,0,2024,8,5,1,580,G,1159.0,S,0,0.0,0.0,0.0,0.0,0.0,0,0.0,0,1,0,0
incorrect,1,0,0.05073333592248627,0.9492666640775137,612219,PromoA,Americas,0.0,Relaxation,50.0,0.0,0,185,0,1,558,6887,4,261,TravelAgent,Senior,Instagram,1,2024,12,2,0,724,G,1178.0,P,1,0.0,5.225746673713202,0.0,0.6931471805599453,6.326149473155099,744,6.61338421837956,3,0,0,0
incorrect,0,1,0.9462161084167242,0.9462161084167242,445901,,Americas,1.0,Relaxation,33.0,0.0,0,0,0,0,0,7369,1,50,TravelAgent,Middle,Billboard,0,2024,6,2,0,521,,,,1,0.0,0.0,0.0,0.0,0.0,0,0.0,0,1,0,0
incorrect,1,0,0.055799568590384395,0.9442004314096156,655607,,Americas,,Relaxation,44.0,0.0,1030,1015,0,11,514,7666,2,144,Website,Middle,Friend,1,2023,1,3,0,4,F,1893.0,P,1,6.93828448401696,6.923628628138427,0.0,2.4849066497880004,6.244166900663736,2570,7.852050207265889,4,1,0,1
incorrect,1,0,0.0594225128590116,0.9405774871409884,421879,PromoB,Americas,0.0,Relaxation,20.0,0.0,0,0,0,0,719,3712,2,345,TravelAgent,Young,TripAdvisor,1,2024,6,2,0,535,E,78.0,S,1,0.0,0.0,0.0,0.0,6.579251212010101,719,6.579251212010101,1,0,0,0
incorrect,0,1,0.939388980850214,0.939388980850214,828988,PromoA,Americas,1.0,Wellness,28.0,0.0,0,0,0,0,0,1811,5,140,TravelAgent,Young,TikTok,0,2024,7,5,1,573,G,1001.0,P,1,0.0,0.0,0.0,0.0,0.0,0,0.0,0,0,0,0
incorrect,0,1,0.9393694019436405,0.9393694019436405,287675,,Americas,1.0,Relaxation,1.0,0.0,0,0,0,0,0,1286,3,49,Mobile,Minor,Google,0,2024,2,5,1,412,,,,1,0.0,0.0,0.0,0.0,0.0,0,0.0,0,1,0,0
incorrect,0,1,0.9391542589435324,0.9391542589435324,310978,,Americas,1.0,Wellness,24.0,0.0,0,0,0,0,0,8228,2,0,Mobile,Young,Google,0,2024,6,5,1,524,G,829.0,P,1,0.0,0.0,0.0,0.0,0.0,0,0.0,0,1,0,0
incorrect,1,0,0.06195117910303406,0.938048820896966,339027,PromoA,Americas,0.0,Relaxation,20.0,0.0,2215,0,0,86,0,8785,1,244,TravelAgent,Young,Google,1,2024,2,3,0,403,F,377.0,P,1,7.703459047867175,0.0,0.0,4.465908118654584,0.0,2301,7.741533589281828,2,0,0,0
incorrect,0,1,0.9377448558398364,0.9377448558398364,796905,,Americas,1.0,Relaxation,,0.0,0,0,0,0,0,3585,4,4,TravelAgent,,YouTube,0,2024,3,5,1,447,G,537.0,P,0,0.0,0.0,0.0,0.0,0.0,0,0.0,0,1,0,0
incorrect,1,0,0.06241040181238266,0.9375895981876173,146537,PromoA,AsiaPacific,0.0,Relaxation,46.0,0.0,52,0,1185,61,0,6156,5,199,TravelAgent,Senior,Email,1,2023,9,1,0,268,E,513.0,S,1,3.970291913552122,0.0,7.078341579557671,4.127134385045092,0.0,1298,7.1693500166706,3,0,0,0
incorrect,1,0,0.06254021403672289,0.9374597859632772,845982,,Americas,0.0,Relaxation,18.0,0.0,330,0,0,87,1232,8695,5,146,Mobile,Minor,Friend,1,2024,10,6,1,658,F,1079.0,P,1,5.802118375377063,0.0,0.0,4.477336814478207,7.117205503164344,1649,7.408530566894626,3,1,0,0
incorrect,0,1,0.937458569511448,0.937458569511448,256918,,AsiaPacific,0.0,Adventure,27.0,0.0,0,0,0,0,0,9978,4,82,TravelAgent,Young,Podcast,0,2023,12,4,0,334,F,1218.0,P,1,0.0,0.0,0.0,0.0,0.0,0,0.0,0,1,0,0
incorrect,0,1,0.9367464954896767,0.9367464954896767,304469,,AsiaPacific,1.0,Adventure,31.0,0.0,0,0,0,0,0,759,1,79,Phone,Middle,Google,0,2024,7,0,0,561,E,209.0,S,1,0.0,0.0,0.0,0.0,0.0,0,0.0,0,1,0,0
incorrect,1,0,0.06532471093744184,0.9346752890625581,828253,,Americas,0.0,Relaxation,22.0,0.0,718,2,50,0,0,8936,3,244,Phone,Young,Friend,1,2024,5,3,0,487,,,,1,6.577861357721047,1.0986122886681098,3.9318256327243257,0.0,0.0,770,6.647688373563329,3,1,0,0
incorrect,1,0,0.06704203478281581,0.9329579652171842,127011,PromoA,Europe,0.0,Relaxation,40.0,0.0,1006,405,0,284,329,5021,1,157,TravelAgent,Middle,TripAdvisor,1,2024,2,3,0,403,B,63.0,S,1,6.914730892718563,6.0063531596017325,0.0,5.652489180268651,5.799092654460526,2024,7.613324979540639,4,0,0,0
incorrect,0,1,0.9321684841565696,0.9321684841565696,687068,,,1.0,Wellness,57.0,0.0,0,0,0,0,0,1147,1,360,Corporate,Senior,Instagram,0,2023,8,5,1,230,G,373.0,P,1,0.0,0.0,0.0,0.0,0.0,0,0.0,0,1,1,0
incorrect,1,0,0.06933556233183459,0.9306644376681654,495100,,Americas,0.0,Relaxation,19.0,0.0,72,5,0,342,188,7681,4,70,Phone,Young,Friend,1,2024,8,6,1,595,F,198.0,P,1,4.290459441148391,1.791759469228055,0.0,5.8377304471659395,5.241747015059643,607,6.410174881966167,4,1,0,0
incorrect,1,0,0.07019953131090291,0.929800468689097,421029,PromoB,Americas,0.0,Relaxation,22.0,0.0,0,70,182,612,20,7440,3,28,Mobile,Young,Yelp,1,2024,1,3,0,368,F,85.0,S,1,0.0,4.2626798770413155,5.209486152841421,6.418364935936212,3.044522437723423,884,6.785587645007929,4,0,0,0
incorrect,1,0,0.07182823687956462,0.9281717631204354,814849,PromoA,Americas,0.0,Relaxation,,0.0,0,7,661,0,93,1261,1,33,Website,Middle,Friend,1,2024,1,4,0,390,F,1451.0,S,0,0.0,2.0794415416798357,6.495265555937008,0.0,4.543294782270004,761,6.635946555686647,3,0,0,0
incorrect,1,0,0.0727775455531186,0.9272224544468814,429497,,Americas,0.0,Relaxation,41.0,0.0,84,0,6,811,2,4105,4,268,Website,Middle,Yelp,1,2024,7,4,0,551,F,1520.0,S,1,4.442651256490317,0.0,1.9459101490553132,6.699500340161678,1.0986122886681098,903,6.806829360392176,4,1,0,0
incorrect,0,1,0.9261790539701783,0.9261790539701783,503801,,Americas,1.0,Adventure,12.0,0.0,0,0,0,0,0,3689,3,81,Mobile,Minor,Podcast,0,2024,12,5,1,706,G,469.0,P,1,0.0,0.0,0.0,0.0,0.0,0,0.0,0,1,0,0
incorrect,1,0,0.07389708094325802,0.926102919056742,685634,PromoB,Americas,0.0,Relaxation,22.0,0.0,1417,0,0,0,0,236,4,238,Corporate,Young,Google,1,2023,6,4,0,173,F,827.0,P,1,7.257002707092073,0.0,0.0,0.0,0.0,1417,7.257002707092073,1,0,0,0
incorrect,1,0,0.07443284621529389,0.9255671537847061,235122,PromoA,Americas,0.0,Relaxation,10.0,0.0,0,0,0,0,0,5089,5,354,Mobile,Minor,TripAdvisor,1,2023,5,6,1,133,G,1108.0,P,1,0.0,0.0,0.0,0.0,0.0,0,0.0,0,0,0,0
incorrect,1,0,0.07458476864697162,0.9254152313530284,715150,,Europe,0.0,Relaxation,52.0,1.0,0,1429,0,1371,488,3119,5,262,Corporate,Senior,Friend,1,2023,7,0,0,183,A,30.0,P,1,0.0,7.265429723253953,0.0,7.22402480828583,6.192362489474872,3288,8.098338846189057,3,1,0,0
incorrect,1,0,0.07528558959346436,0.9247144104065357,275390,PromoA,Americas,0.0,,23.0,0.0,7,0,0,716,800,6556,4,316,Phone,Young,Instagram,1,2024,2,4,0,404,E,452.0,S,1,2.0794415416798357,0.0,0.0,6.57507584059962,6.68586094706836,1523,7.329093736246592,3,0,0,0
incorrect,1,0,0.0757972924405321,0.9242027075594679,190474,PromoB,AsiaPacific,0.0,Relaxation,23.0,0.0,2210,0,89,0,0,5211,3,65,Phone,Young,TripAdvisor,1,2024,7,5,1,559,D,61.0,S,1,7.701200180857446,0.0,4.499809670330265,0.0,0.0,2299,7.7406644019172415,2,0,0,0
incorrect,1,0,0.07582079728392677,0.9241792027160732,248852,PromoB,Americas,0.0,Relaxation,40.0,0.0,813,0,473,236,0,7195,5,194,TravelAgent,Middle,Facebook,1,2023,7,2,0,185,E,105.0,P,1,6.70196036600254,0.0,6.161207321695077,5.4680601411351315,0.0,1522,7.328437352895162,3,0,0,0
incorrect,1,0,0.07651765962294896,0.923482340377051,812320,PromoB,Americas,0.0,Relaxation,22.0,0.0,926,0,0,0,78,3673,5,215,Corporate,Young,TV,1,2024,6,6,1,518,F,275.0,P,1,6.831953565565855,0.0,0.0,0.0,4.3694478524670215,1004,6.912742820493176,2,0,0,0
incorrect,1,0,0.07745276564795799,0.922547234352042,369351,,AsiaPacific,0.0,Relaxation,,0.0,1019,266,141,0,0,3006,2,208,Website,Young,Email,1,2023,6,0,0,155,F,138.0,P,0,6.927557906278317,5.58724865840025,4.955827057601261,0.0,0.0,1426,7.2633296174768365,3,1,0,0
incorrect,1,0,0.07821916901493536,0.9217808309850646,210158,PromoA,Americas,0.0,Relaxation,,0.0,109,109,0,327,0,784,3,344,Phone,Young,Google,1,2023,7,0,0,197,F,1750.0,P,0,4.700480365792417,4.700480365792417,0.0,5.793013608384144,0.0,545,6.302618975744905,3,0,0,0
incorrect,1,0,0.07983130391226159,0.9201686960877384,393675,PromoA,Americas,0.0,Adventure,36.0,0.0,0,0,700,0,0,3022,1,266,Corporate,Middle,Email,1,2023,2,1,0,37,F,1267.0,P,1,0.0,0.0,6.55250788703459,0.0,0.0,700,6.55250788703459,1,0,0,0
incorrect,0,1,0.9185156515931758,0.9185156515931758,146311,PromoB,Europe,0.0,Relaxation,40.0,0.0,0,0,0,0,0,2766,1,210,Website,Middle,Facebook,0,2024,2,5,1,412,,,,1,0.0,0.0,0.0,0.0,0.0,0,0.0,0,0,0,0
incorrect,0,1,0.9183608355204859,0.9183608355204859,952739,PromoA,Europe,1.0,Relaxation,35.0,0.0,0,0,0,0,0,3245,3,158,Website,Middle,Magazine,0,2024,1,2,0,388,B,164.0,P,1,0.0,0.0,0.0,0.0,0.0,0,0.0,0,0,0,0
incorrect,1,0,0.08338451660552258,0.9166154833944774,500354,PromoB,Americas,0.0,Adventure,14.0,0.0,363,44,230,0,512,5683,1,4,Corporate,Minor,TV,1,2024,8,2,0,598,G,778.0,P,1,5.8971538676367405,3.8066624897703196,5.442417710521793,0.0,6.240275845170769,1149,7.047517221357296,4,0,0,0
incorrect,0,1,0.9165941742380709,0.9165941742380709,550050,,Americas,1.0,Relaxation,37.0,0.0,0,0,0,0,0,47,3,339,Mobile,Middle,TikTok,0,2024,6,2,0,521,G,240.0,S,1,0.0,0.0,0.0,0.0,0.0,0,0.0,0,1,0,0
incorrect,0,1,0.9155427885573788,0.9155427885573788,276475,,Americas,0.0,Relaxation,,0.0,0,0,0,0,0,4750,1,153,Phone,,Instagram,0,2023,12,0,0,358,G,1087.0,S,0,0.0,0.0,0.0,0.0,0.0,0,0.0,0,1,0,0
incorrect,1,0,0.08611080125190537,0.9138891987480946,579277,PromoA,AsiaPacific,0.0,Relaxation,46.0,0.0,949,0,128,3,41,7244,1,315,Corporate,Senior,Instagram,1,2024,7,2,0,556,F,842.0,P,1,6.856461984594587,0.0,4.859812404361672,1.3862943611198906,3.7376696182833684,1121,7.022868086082641,4,0,0,0
incorrect,1,0,0.0884646573808028,0.9115353426191972,743898,PromoB,,0.0,Relaxation,74.0,0.0,853,0,543,31,0,3479,5,244,TravelAgent,Elderly,Instagram,1,2024,1,2,0,367,F,189.0,P,1,6.74993119378857,0.0,6.298949246855942,3.4657359027997265,0.0,1427,7.2640301428995295,3,0,1,0
incorrect,0,1,0.9114837262569802,0.9114837262569802,210356,,Americas,1.0,Adventure,2.0,0.0,0,0,0,0,0,2904,4,68,Mobile,Minor,Google,0,2024,11,0,0,673,F,1555.0,S,1,0.0,0.0,0.0,0.0,0.0,0,0.0,0,1,0,0
incorrect,0,1,0.9094798197463091,0.9094798197463091,885196,,Americas,1.0,Relaxation,14.0,0.0,0,0,0,0,0,6495,3,356,Phone,Minor,Magazine,0,2024,2,5,1,419,G,1047.0,P,1,0.0,0.0,0.0,0.0,0.0,0,0.0,0,1,0,0
incorrect,1,0,0.09111035273417782,0.9088896472658222,505180,,AsiaPacific,0.0,Adventure,22.0,0.0,2229,0,1349,121,0,8794,1,273,Phone,Young,Yelp,1,2023,12,0,0,351,E,194.0,P,1,7.709756864454165,0.0,7.2078598714324755,4.804021044733257,0.0,3699,8.216088098632316,3,1,0,0
incorrect,1,0,0.09119777861656062,0.9088022213834394,540934,,,0.0,Wellness,32.0,0.0,0,58,0,0,642,1802,1,344,Phone,Middle,Friend,1,2023,1,2,0,10,G,330.0,P,1,0.0,4.07753744390572,0.0,0.0,6.466144724237619,700,6.55250788703459,2,1,1,0
incorrect,1,0,0.09307781578000536,0.9069221842199946,750853,PromoA,AsiaPacific,0.0,Relaxation,18.0,0.0,593,0,508,0,12,8252,3,265,Corporate,Minor,Google,1,2023,2,2,0,31,F,1314.0,P,1,6.386879319362645,0.0,6.2324480165505225,0.0,2.5649493574615367,1113,7.01571242048723,3,0,0,0
incorrect,0,1,0.9068610945704518,0.9068610945704518,141764,PromoA,Europe,,Adventure,26.0,0.0,1,4680,25,564,13,1764,4,318,Corporate,Young,Instagram,0,2024,2,5,1,419,B,277.0,P,1,0.6931471805599453,8.45126704130007,3.258096538021482,6.336825731146441,2.6390573296152584,5283,8.572438665642215,5,0,0,1
incorrect,1,0,0.09384490409504334,0.9061550959049567,468774,PromoB,Americas,0.0,Relaxation,38.0,0.0,1,0,288,0,556,6436,1,338,Website,Middle,Google,1,2024,8,2,0,605,G,461.0,S,1,0.6931471805599453,0.0,5.666426688112432,0.0,6.322565239927284,845,6.740519359606223,3,0,0,0
incorrect,1,0,0.09543517549533627,0.9045648245046637,166076,PromoB,,0.0,Relaxation,23.0,0.0,88,282,0,0,71,9061,5,26,Mobile,Young,Friend,1,2023,8,4,0,229,F,911.0,P,1,4.48863636973214,5.645446897643238,0.0,0.0,4.276666119016055,441,6.091309882077698,3,0,1,0
incorrect,1,0,0.09561335891199878,0.9043866410880013,502595,PromoA,Americas,0.0,Adventure,21.0,0.0,618,33,1,2,0,6165,3,117,TravelAgent,Young,TV,1,2024,12,1,0,702,F,1586.0,P,1,6.428105272684596,3.5263605246161616,0.6931471805599453,1.0986122886681098,0.0,654,6.484635235635252,4,0,0,0
incorrect,1,0,0.09592135508467466,0.9040786449153253,867082,PromoA,Americas,0.0,Wellness,24.0,0.0,0,0,92,1492,0,3785,1,214,Corporate,Young,Instagram,1,2024,2,5,1,419,E,517.0,P,1,0.0,0.0,4.532599493153256,7.30854279753919,0.0,1584,7.368339686311381,2,0,0,0
incorrect,0,1,0.9036888642112173,0.9036888642112173,680876,,Americas,0.0,Relaxation,29.0,0.0,0,1311,0,0,0,6027,2,70,Mobile,Young,TV,0,2024,12,5,1,706,F,598.0,P,1,0.0,7.179307969504034,0.0,0.0,0.0,1311,7.179307969504034,1,1,0,0
incorrect,1,0,0.09708308180595314,0.9029169181940468,684107,,Americas,0.0,Adventure,20.0,0.0,1842,0,460,0,0,8686,4,304,TravelAgent,Young,TripAdvisor,1,2024,2,1,0,401,F,1668.0,P,1,7.519149957669823,0.0,6.133398042996649,0.0,0.0,2302,7.741967899820685,2,1,0,0
incorrect,1,0,0.09731103627908103,0.902688963720919,546674,PromoB,,0.0,,43.0,,1,0,213,229,701,5735,2,188,Mobile,Middle,Friend,1,2023,6,2,0,157,G,896.0,S,1,0.6931471805599453,0.0,5.365976015021851,5.438079308923196,6.553933404025811,1144,7.0431599159883405,4,0,1,0
incorrect,1,0,0.09835738675689089,0.9016426132431091,257055,,AsiaPacific,0.0,Relaxation,18.0,0.0,556,0,0,852,6,4497,3,360,Phone,Minor,Instagram,1,2024,7,1,0,548,F,206.0,S,1,6.322565239927284,0.0,0.0,6.748759547491679,1.9459101490553132,1414,7.254884810077338,3,1,0,0
incorrect,1,0,0.09904949420253045,0.9009505057974696,948721,PromoA,Americas,0.0,Relaxation,21.0,0.0,36,162,0,588,0,8292,4,90,TravelAgent,Young,Facebook,1,2024,8,3,0,592,G,816.0,S,1,3.6109179126442243,5.093750200806762,0.0,6.3784261836515865,0.0,786,6.668228248417403,3,0,0,0
incorrect,0,1,0.8999896244942153,0.8999896244942153,430728,,Americas,1.0,Relaxation,21.0,0.0,0,0,0,0,0,8336,3,18,Corporate,Young,Instagram,0,2024,7,2,0,563,G,661.0,S,1,0.0,0.0,0.0,0.0,0.0,0,0.0,0,1,0,0
incorrect,1,0,0.1009662475032984,0.8990337524967016,375602,PromoA,Americas,0.0,Relaxation,24.0,0.0,1186,0,381,3,173,8000,3,275,Website,Young,YouTube,1,2024,8,3,0,578,F,1831.0,P,1,7.079184394609668,0.0,5.945420608606575,1.3862943611198906,5.159055299214529,1743,7.463936604468925,4,0,0,0
incorrect,0,1,0.8988164485711568,0.8988164485711568,364407,PromoB,Americas,0.0,Relaxation,24.0,0.0,0,0,718,0,0,6912,2,105,Corporate,Young,TikTok,0,2023,7,5,1,195,F,182.0,S,1,0.0,0.0,6.577861357721047,0.0,0.0,718,6.577861357721047,1,0,0,0
incorrect,1,0,0.10157469373663393,0.898425306263366,935102,PromoB,Americas,0.0,Relaxation,47.0,0.0,397,0,321,0,5,7915,5,18,Mobile,Senior,Radio,1,2024,7,2,0,549,G,1278.0,P,1,5.986452005284438,0.0,5.7745515455444085,0.0,1.791759469228055,723,6.584791392385716,3,0,0,0
incorrect,0,1,0.8978315438935442,0.8978315438935442,328231,,AsiaPacific,,Relaxation,28.0,0.0,0,0,0,0,0,6514,5,159,TravelAgent,Young,Instagram,0,2024,7,3,0,564,F,1150.0,P,1,0.0,0.0,0.0,0.0,0.0,0,0.0,0,1,0,1
incorrect,1,0,0.10304237625742073,0.8969576237425793,420606,PromoB,Americas,0.0,Relaxation,,0.0,0,1362,0,1267,0,274,5,149,Corporate,,Facebook,1,2024,12,2,0,703,F,1250.0,S,0,0.0,7.217443431696533,0.0,7.145196134997171,0.0,2629,7.874739125171811,2,0,0,0
incorrect,0,1,0.895977282239521,0.895977282239521,381174,PromoB,Americas,0.0,Adventure,11.0,0.0,0,0,0,0,0,7093,5,88,TravelAgent,Minor,YouTube,0,2024,7,5,1,566,G,734.0,S,1,0.0,0.0,0.0,0.0,0.0,0,0.0,0,0,0,0
incorrect,1,0,0.10448873590107198,0.895511264098928,770258,PromoB,Americas,0.0,Wellness,28.0,0.0,0,18,0,0,674,8395,4,56,Corporate,Young,Friend,1,2024,1,0,0,379,F,870.0,S,1,0.0,2.9444389791664403,0.0,0.0,6.51471269087253,692,6.541029999189903,2,0,0,0
incorrect,0,1,0.8951070360088923,0.8951070360088923,959752,,Americas,1.0,Relaxation,,0.0,0,0,0,0,0,9828,1,8,Mobile,Young,Podcast,0,2024,12,6,1,700,G,530.0,S,0,0.0,0.0,0.0,0.0,0.0,0,0.0,0,1,0,0
incorrect,1,0,0.10502766340123766,0.8949723365987623,129473,PromoA,Americas,0.0,Relaxation,38.0,0.0,55,741,0,0,13,281,4,330,TravelAgent,Middle,Friend,1,2024,7,6,1,567,G,136.0,P,1,4.02535169073515,6.60934924316738,0.0,0.0,2.6390573296152584,809,6.697034247666484,3,0,0,0
incorrect,1,0,0.10509230640900202,0.894907693590998,352796,PromoB,Americas,0.0,Relaxation,21.0,0.0,702,172,408,2,6,2023,1,196,Corporate,Young,Instagram,1,2024,11,0,0,694,F,54.0,P,1,6.555356891810665,5.153291594497779,6.013715156042802,1.0986122886681098,1.9459101490553132,1290,7.1631723908466425,5,0,0,0
incorrect,0,1,0.8925219492671828,0.8925219492671828,880677,,,1.0,Relaxation,69.0,0.0,0,0,0,0,0,1990,1,111,Corporate,Elderly,Google,0,2023,10,5,1,286,,,,1,0.0,0.0,0.0,0.0,0.0,0,0.0,0,1,1,0
incorrect,1,0,0.10760293583787525,0.8923970641621247,475936,,Europe,0.0,Relaxation,40.0,1.0,878,11,0,2205,1295,3333,4,294,TravelAgent,Middle,Radio,1,2023,8,0,0,232,C,105.0,S,1,6.778784897685177,2.4849066497880004,0.0,7.698936199813447,7.16703787691222,4389,8.387084506069217,4,1,0,0
incorrect,1,0,0.10770503221979676,0.8922949677802032,100508,,Americas,0.0,Relaxation,19.0,0.0,0,183,115,126,491,7785,3,224,Phone,Young,Email,1,2024,11,3,0,697,F,193.0,P,1,0.0,5.214935757608986,4.7535901911063645,4.844187086458591,6.198478716492308,915,6.82001636467413,4,1,0,0
incorrect,1,0,0.10943291297951908,0.8905670870204809,303904,PromoB,Americas,0.0,Relaxation,31.0,0.0,198,0,591,0,164,1475,3,199,TravelAgent,Middle,Google,1,2024,7,3,0,550,G,63.0,P,1,5.293304824724492,0.0,6.3835066348840055,0.0,5.10594547390058,953,6.860663671448287,3,0,0,0
incorrect,1,0,0.11064366770819004,0.88935633229181,649668,,Americas,0.0,Relaxation,18.0,0.0,207,0,0,1,827,580,1,176,Phone,Minor,Facebook,1,2023,10,1,0,282,E,386.0,P,1,5.337538079701318,0.0,0.0,0.6931471805599453,6.71901315438526,1035,6.943122422819428,3,1,0,0
incorrect,0,1,0.8880726203399151,0.8880726203399151,882055,,AsiaPacific,0.0,Relaxation,41.0,0.0,71,0,1617,31,0,7329,1,341,TravelAgent,Middle,Google,0,2023,8,5,1,230,D,89.0,P,1,4.276666119016055,0.0,7.388946097618437,3.4657359027997265,0.0,1719,7.450079569807499,3,1,0,0
incorrect,1,0,0.11246918964577116,0.8875308103542289,949470,PromoA,Europe,0.0,Adventure,51.0,1.0,0,287,0,1442,66,2050,2,358,Mobile,Senior,Email,1,2024,8,5,1,580,A,87.0,S,1,0.0,5.662960480135946,0.0,7.274479558773871,4.204692619390966,1795,7.493317248862145,3,0,0,0
incorrect,0,1,0.886474956997454,0.886474956997454,878947,PromoB,AsiaPacific,1.0,Relaxation,,0.0,0,0,0,0,0,4804,2,37,TravelAgent,,TV,0,2023,9,4,0,264,,,,0,0.0,0.0,0.0,0.0,0.0,0,0.0,0,0,0,0
incorrect,1,0,0.1138975536938824,0.8861024463061176,285639,,AsiaPacific,0.0,Relaxation,,0.0,1146,0,47,0,105,5564,2,69,Corporate,,Google,1,2024,8,2,0,605,E,155.0,S,0,7.044905117129371,0.0,3.871201010907891,0.0,4.663439094112067,1298,7.1693500166706,3,1,0,0
